Tested feature,F statistic,P_statistic,P value
Długość/Wysokość,1.901643401069075,16732,0.16732832671673284
Masa/objętość,4.985007603247195,2632,0.026329736702632972
Waga_powłoki/Cała_waga,2.567237687794354,10659,0.1065989340106599
Waga_po_obraniu/Cała_waga,1.6430499119873616,15941,0.15941840581594183
Waga_trzewi/Cała_waga,1.8132968690696394,17660,0.1766082339176608
Waga_powłoki/Waga_po_obraniu,4.293954849967317,3826,0.03826961730382696
Waga_trzewi/Waga_po_obraniu,0.5189424613469829,47014,0.47014529854701453
Waga_trzewi/Waga_powłoki,0.05902333777576142,80600,0.8060019399806002
