Tested feature,F statistic,P_statistic,P value,Odrzucenie $H_0$ dla $lpha = 0.05$
Długość/Wysokość,1.901643401069075,16732,0.1673283267167328,False
Masa/objętość,4.985007603247195,2632,0.0263297367026329,True
Waga_powłoki/Cała_waga,2.567237687794354,10659,0.1065989340106599,False
Waga_po_obraniu/Cała_waga,1.6430499119873616,15941,0.1594184058159418,False
Waga_trzewi/Cała_waga,1.8132968690696396,17660,0.1766082339176608,False
Waga_powłoki/Waga_po_obraniu,4.293954849967317,3826,0.0382696173038269,True
Waga_trzewi/Waga_po_obraniu,0.5189424613469829,47014,0.4701452985470145,False
Waga_trzewi/Waga_powłoki,0.0590233377757614,80600,0.8060019399806002,False
