NAME_INDEX,Wysokość,Waga_po_obraniu,Waga_powłoki,Masa/objętość,Waga_powłoki/Waga_po_obraniu
Model rozszerzony przed redukcją vif,8.482421170261192,17.00907229553437,20.178829681111296,1.7912785120812131,2.8213855772646097
"Model po redukcji ""Waga_powłoki""",6.535658661289561,5.716441334797825,,1.722888132815253,1.2697442064160822
