NAME_INDEX,Średnica,Wysokość,Waga_po_obraniu,Waga_trzewi,Waga_powłoki,Masa/objętość,Waga_powłoki/Waga_po_obraniu
Model rozszerzony przed redukcją vif,11.451863834562687,9.567401256882016,18.274702066358106,12.354114318198757,26.675996646465855,2.0052136652195838,3.0138237808076984
Model rozszerzony przed redukcją vif,10.118837288779535,9.061197731519927,12.347853446070545,10.946440263884666,,1.9110254339064052,1.4246365653979682
Model rozszerzony przed redukcją vif,8.940186161857026,8.85479350743592,,7.375352929956435,,1.8073426179064889,1.1387568602988467
