NAME_INDEX,Średnica,Wysokość,Waga_po_obraniu,Waga_trzewi,Waga_powłoki,Masa/objętość,Waga_po_obraniu/Cała_waga,Waga_trzewi/Cała_waga,Waga_powłoki/Waga_po_obraniu,Waga_trzewi/Waga_po_obraniu
Model rozszerzony przed redukcją vif,8.840655707371715,6.632428018192934,34.34057946766802,36.91929276586847,21.724780217006714,2.143617660830713,21.34684986720412,20.66465983619375,11.15585075749203,35.452755472700346
"Model po redukcji ""Waga_trzewi""",8.428407733160011,6.472458313375356,16.943609100529706,,20.52740722804222,2.089742689085323,17.594339204723006,16.652318405193064,10.475451959420083,35.00010080067649
"Model po redukcji ""Waga_trzewi/Waga_po_obraniu""",8.295400560302678,6.349004806135282,14.928824037677867,,17.086079312002415,2.0135383897373234,6.293658175565083,1.2628407120782752,8.556147352123451,
"Model po redukcji ""Waga_powłoki""",6.2413411637077125,5.729420035755949,9.198940565411299,,,1.845080159288588,6.286942772527147,1.2482171127256407,5.922459390167349,
