NAME_INDEX,Średnica,Wysokość,Waga_po_obraniu,Waga_trzewi,Waga_powłoki,Waga_po_obraniu/Cała_waga,Waga_trzewi/Cała_waga,Waga_powłoki/Waga_po_obraniu,Waga_trzewi/Waga_po_obraniu,Waga_trzewi/Waga_powłoki
Model rozszerzony przed redukcją vif,7.638206398610646,1.5666318109226975,35.52854101008594,41.33866294311583,23.87022633013956,24.466793106441383,25.377426002182332,19.031307167322392,45.638961892298646,9.532108108473274
"Model po redukcji ""Waga_trzewi/Waga_po_obraniu""",7.632849122153156,1.5569565442909952,33.43407644782541,41.288434666827825,22.271780027558016,10.212368607530346,6.860396487475846,15.618771359137144,,8.940868890981303
"Model po redukcji ""Waga_trzewi""",7.466792547060448,1.5493296095321902,18.726477324614315,,17.343892670548353,7.897601723111998,4.200739087602797,14.849540028809615,,8.674170350762203
"Model po redukcji ""Waga_po_obraniu""",7.03643940162158,1.5490235149645468,,,7.36726550216707,7.1788195791949985,3.8856852504097894,13.989163344625599,,7.842214395607372
"Model po redukcji ""Waga_powłoki/Waga_po_obraniu""",6.465368997952843,1.5482248614670016,,,6.767326677838207,1.5706979056121726,2.8717530011107986,,,3.5106189679513236
